name;description;type;sources
User Interface;Ease of use and design quality of the app's interface.;Text [1];user review, expert review, app store rating, tech blog, usability studie, user feedback, app store description, official app website, app review, google play store, user reviews on app store, app screenshot, app store, design award, app store review, multiple source, tech review, techradar, app store listing, ui/ux analysi, ux analysi, personal testing, cnet, official app description, ux design review, user experience review, ux review, independent review, app description, youtube, google play store review, third-party review, expert analyse, user feedback on app store, usability testing report, pcmag, industry analyse, app critique, app walkthrough, rocket.chat, clickup
User Ratings;Average rating given by users on app stores, reflecting user satisfaction.;Float [1];google play store, app store, apple app store, amazon appstore, user review aggregator, app store rating, user review, google play, review aggregator, trustpilot, google play rating, capterra, g2, apple app store rating, third-party review platform, third-party review site, app store listing, user review platform, app store review, https://300mind.studio/blog/most-popular-mobile-games/, https://www.singular.net/blog/top-mobile-games/, 300mind.studio, jotform
Ease of Use;How user-friendly and intuitive the app interface is.;Text [1];user review, expert review, ui/ux analysi, tutorial availability, app store description, multiple source, editor review, app store review, expert reviews from tech blog, tom's guide, usability studie, app store feedback, greenlight, app tutorial, google play review, app store, shutterfly, amzscout.net, greenlight.com, usability testing feedback, app store rating, app description, amzscout, usability testing report, tech blog, google play store, platform tutorial, simicart.com, tomsguide.com
Security and Privacy;The level of encryption and privacy features offered to protect user data and communications.;Text [*];security audit, privacy policie, official app website, app documentation, user review, official app documentation, whatsapp, element, tech blog, security documentation, multiple source, official documentation, security review, app store description, rocket.chat, anyviewer.com, tomsguide.com, technical specification, tech review, security audit report, security whitepaper, app store, google play store, groupme, anyviewer, tom's guide
Cost;The app's pricing model, including whether it's free, subscription-based, or has in-app purchases.;Text [1];app store, official app website, google play store, app store listing, pricing page, dinamicostudio.com, cnet.com, teachthought.com, official pricing page, official website, app store pricing, in-app purchase information, user review, multiple source, techradar, spotify, apple music, amazon music, pandora, deezer, iheartradio, youtube music, tidal, soundcloud, napster, qobuz, audiomack, gaana, jiosaavn, wynk music, hungama music, boomplay, anghami, trebel, app website, vendor website, developer website, in-app information, pcmag, cnet, company website, official app documentation, wikipedia, smart shuffle, shutterfly, tom's guide
Collaboration Features;The ability to share notes with others, collaborate in real-time, assign tasks, and manage team projects within the app.;Boolean;official app website, user review, multiple source, app description, zapier, app review, developer website
Customization Options;The ability to customize the app's interface, themes, and functionality.;Boolean[1];user review, app description, expert review, app feature, multiple source, app setting, app features list, app review, multiple, tutorial, app feature documentation, user interface analysi, app documentation, user feedback, official app website, nextstepliving, top10
Cross-Platform Sync;Ability to synchronize listening progress, subscriptions, and playlists across multiple devices;Boolean [1];feature documentation, app specification, user review, user testing, official website, technical specification, official app store, platform documentation, app store listing, user manual, developer website, compatibility list, app store, compatibility documentation, user guide, platform feature, user testimonial, official platform support list, api documentation, official documentation, app feature, multiple source, app description, official app website, qewd, clickup, zapier
Feature Set;Range and quality of features offered by the app, such as templates, editing tools, and sharing options.;Text [1];official app website, app store description, user review, expert review, tech blog, tech review, official app description, app store, google play store, app description, user feedback, user manual, techradar, developer website, g2 crowd, pcmag, official website, platform feature list
Content Variety;The range and diversity of live streaming content available on the platform, including genres like sports, gaming, entertainment, and news.;Text [1];user review, official app description, switcher studio, google play store, tech blog, cnet, app store, multiple source, expert review, app description, content catalog, platform feature, content analysis report, tcl
Cross-Platform Availability;Availability of the app on different platforms like iOS, Android, Windows, macOS, and web.;Text [*];official app website, app store, google play store, app store listing, app store description, developer website, google play, apple app store, app description, official app description, tech blog, official website, company website, consumer report, industry report, cnet.com, teachthought.com, mobiletran
Unique Features;Special features that set the app apart from competitors, such as offline downloads, multiple profiles, etc.;Text [*];official app website, user review, app description, expert review, tech review, official app description, tech blog, consumer report, medicinal media, google play store, app store description, user feedback, app store listing, app store, plex, science of people, mashable, expert analyse, vocal media, howbout
Device Compatibility;The range of devices and platforms on which the app is available.;Text [*];official app website, app store listing, app description, app store, google play store, app store description, official app description, official website, tech review, vendor website, user review, official app specification, user manual, multiple source, app specification, official platform website, developer website, tech blog, industry report
Ease of Use;The user-friendliness of the app interface and the simplicity of starting and managing live streams.;Text [1];user review, groupme, mobile text alert, expert review, emitrr, app store description, app description, expert analysi
Update Frequency;How often the app is updated with new features, bug fixes, and content.;Text [1];google play store, app store, official app blog, app store update history, apple app store, amazon appstore, developer changelog, gaming news site, official app website
User Ratings and Reviews;Ability for users to rate movies and write reviews, providing qualitative feedback and numeric ratings;Float [1];app store, google play store, imdb, rotten tomatoe, user review, apple app store, letterboxd, google play, independent review site, official app description
Pricing Model;Cost structure including free plans, subscription pricing, and paid account features.;Text [1];app store, official pricing page, user review, switcher studio, multiple source, editor review, app description, google play store, official app website, app store listing, clickup, scribecount
Ease of Use;User interface simplicity, ease of setup, and convenience for one-off or frequent file transfers;Text [1];user review, anyviewer.com, tomsguide.com, expert review, multiple source, tom's guide
User Interface and Experience;The ease of use and navigation within the app, including the shuffle feature.;Text [1];user review, tech review, app store rating, official app website, tech blog, app review, qewd, plex, amzscout.net
Customer Support;The availability and quality of customer support services.;Text [1];user review, official app website, customer support forum, official support channel, tech blog, social media channel, user forum, official app forum, social media page, customer support review
User Engagement;Measures how frequently and actively users interact with the app.;Float [1];sensor tower, app annie, user review, google play store, similarweb, app store, user forum, app description, social media, official app website
Monetization Options;The availability of features that allow creators to earn revenue from their live streams, such as subscriptions, donations, or ad revenue sharing.;Text[*];user review, official app website, creator program documentation, platform documentation, platform policie, user testimonial, tech blog, app description, review, official app description, platform official documentation, platform guideline
Monthly Active Users;Total number of active users per month, indicating platform reach and audience size;Integer [1];company report, app store analytic, app analytics platform, market research firm, market research, third-party research, developer report, analytics platform, industry analytic, third-party analytics platform, company earnings report, market research data, app store data
Integration Capabilities;Ability to integrate with other popular apps and services.;Text [*];official app website, user review, official app documentation, tech blog, app store description, tech review, app documentation, app description, multiple source, expert review, zapier, ifttt, user manual, integration guide, api documentation, developer documentation, user feedback, integration marketplace, app store listing, company website
Subscription Cost;The monthly or yearly cost of the subscription if applicable.;Float [1];official app website, official pricing page, app store listing, app store, official platform website, app store subscription detail, app store description, app store information, google play store, official app description, pricing page, subscription plan, user review
Number of Downloads;Total number of times the app has been downloaded from major app stores.;Integer [1];google play store, apple app store, sensor tower, amazon appstore, app store, app annie
Streaming Quality;The quality of the streaming service, including resolution (HD, 4K) and buffering times.;Text [1];user review, official app website, tech review, technical specification, official app description, expert review, tech blog, official app specification, app description, app specification, third-party review, review, official platform website, technical review
Security and Privacy;The level of security and privacy features offered by the app, such as end-to-end encryption and data protection measures.;Text [*];security audit, official app website, privacy policie, user review, official app documentation, security review, expert review, security whitepaper, anyviewer.com, tomsguide.com, mobiletrans.wondershare.com
Platform Availability;The operating systems and devices the app supports, affecting accessibility.;Text [*];app store, official website, google play store, official app website, app store listing, company website, official app store
Social Features;The availability of social features such as following friends, sharing reviews, and participating in community discussions.;Boolean [1];user review, app description, official app website, official app description, app store description, expert review, letterboxd, app store listing, app store, google play store
Personalized Recommendations;Ability of the app to provide movie recommendations based on user ratings and preferences.;Boolean [1];user review, app description, expert review
Additional Features;Extra functionalities such as cloud storage, media playback, or collaboration tools.;Text [*];official app website, user review, app store description, developer website, tomsguide.com, dropbox.com, feature list, mobiletrans.wondershare.com, app description, app store listing, anyviewer.com, tom's guide, dropbox, mobiletran
Platform Availability;Support for major platforms such as iOS, Android, and web;Text [*];app store, official website, google play store, official app website, platform documentation, app store listing, official compatibility list, app store availability, official app store, line, groupme, whatsapp, nextstepliving, engadget, developer website, jotform, switcher studio, platform compatibility list, app website, app store description, app description, vocal media, consumer report, shutterfly, letterboxd, anyviewer.com, mobiletrans.wondershare.com
Cross-platform Compatibility;Number of supported platforms and operating systems including mobile, desktop, web, and integration capabilities;Integer [1];official website, app store listing, official app store, platform documentation, developer website, compatibility documentation, developer documentation, app store availability, platform availability, compatibility chart
User Base Size;Number of active users or downloads indicating app popularity and community size.;Integer [1];company report, google play store, sensor tower, google play, market research, similarweb, app store analytic, app annie, official app website, app store, agiletech, science of people, switcher studio, app store statistic, amzscout.net, third-party market research, amzscout, greenlight, wtop, app analytics platform, industry statistic, third-party research, market research data, market research firm, agiletech vietnam, apple app store, industry report, twitch, bigo live, simicart.com, greenlight.com
Social Integration;The ease of integrating with other social media platforms and sharing content.;Boolean [1];app description, app store description, user review, official app website, app feature, google play description
User Base;The number of active users on the platform, indicating its popularity and reach.;Integer [1];sensor tower, app store, company report, google play store, app annie, similarweb, multiple source, platform official statistic, industry report, appfigure, agiletech vietnam, soax, various source, market analysis report
Content Library Size;Total number of movies and TV shows available on the platform.;Integer [1];app store description, app store, google play store, official app website, official website, vocal media, third-party review, official platform statistic, third-party analytic, plex, third-party content tracking service, platform database, app description, content database, industry report, consumer report
In-App Purchases;The availability and variety of in-app purchases.;Boolean [1];google play store, apple app store, user review
