open_small,open_large,proprietary_small,proprietary_large
Cost,Cost & Subscription Model,Pricing and Value for Money,Pricing and Value
Customer Support,Customer Support,Customer Support,Customer Support
Mobile App Performance,Performance & Stability,App Performance and Stability,Performance and Stability
Device Compatibility,Platform Availability,Cross-Platform Availability,Cross-Platform Availability
Popularity,Popularity and Downloads,Monthly Active Users (MAU); User Base & Popularity,Number of downloads; User Engagement
Regional Availability,Regional Availability,Global Availability,Geographic Coverage
Regular Updates & Maintenance,Regular Updates,Update Frequency and Innovation,Update and Maintenance Frequency
Security,Data Privacy & Security,Security and Privacy,Security and Privacy
User Interface,User Interface,User Experience and Accessibility,User Experience (UX)
User Ratings,User Rating,User Ratings and Reviews,User Rating
Customization Options,Customization Options,,Customization Options
User Engagement,User Engagement,Active User Base,
Accessibility Features,Accessibility Features,,
Integration with Other Services,Integration,,
,,,Cross-Platform Synchronization
,,,Feature Richness
