name,description,type,sources
Ad-Supported Free Access,Whether the platform offers free content with advertisements.,Boolean [1],"Official app websites, Official platform websites, industry reports, service descriptions, user reviews"
Additional Features,"Extra functionalities offered by the app, such as cloud storage integration, media playback, or collaboration tools.",Text [*],"App Descriptions, App Store, Google Play Store, Official app documentation, Official app websites, User Reviews, app store listings, feature lists, turn0news12, turn0news13, turn0news15, turn0news16, user manuals, user reviews"
Audio Quality,"Maximum audio quality offered by the app (e.g., standard, high, lossless).",Text [1],"Amazon Music, Anghami, App Reviews, App Store listings, App official documentation, App technical specifications, Apple Music, Audiomack, Boomplay, Deezer, Gaana, Hungama Music, JioSaavn, Napster, Official app websites, Qobuz, SoundCloud, Spotify, Tidal, Trebel, User Feedback, User reviews, Wynk Music, industry reports, press releases, technical specifications, turn0search17, turn0search19, turn0search20"
Availability Information,"Information on where to stream or purchase movies, including integration with streaming services.",Boolean [1],"App feature descriptions, App integrations, Streaming service data"
Barcode Scanning,Feature to scan product barcodes for instant price comparison.,Boolean [1],"turn0search0, turn0search4, turn0search5, turn0search6, turn0search7, turn0search8, turn0search9"
Cashback Offers,Provision of cashback rewards on purchases made through the app.,Boolean [1],"Official app websites, User reviews, turn0search4, turn0search5, turn0search7, turn0search8"
Collaboration Features,The tools and functionalities that enable multiple users to work together on notes or projects within the app.,Text [*],"Official app websites, feature comparison articles, user reviews"
Collaboration Tools,"Features that facilitate teamwork, such as shared workspaces, task assignments, and real-time editing.",Text [1],"App feature lists, TechRadar, Wikipedia, turn0search18, turn0search19, user reviews"
Communication Features,"Tools available for messaging, video calls, and real-time collaboration.",Text [1],"App feature lists, App official websites, AppyPie, PCMag, TechRadar, Wikipedia, turn0news12, turn0news13, turn0news17, user reviews"
Community and Social Features,"Features that allow user interaction, such as commenting, sharing, or live discussions.",Text [*],"App Store listings, Official app websites, user reviews"
Community Engagement,Level of user interaction and community features within the app.,Text [1],"App feature descriptions, App feature set, Official App Descriptions, Official app websites, User Reviews, User forums, User reviews, app descriptions, platform community pages, platform forums, user forums"
Content Curation,The quality and relevance of content recommendations provided to users.,Text [1],"User reviews, industry analyses"
Content Focus,"The primary type of content the platform is known for, such as gaming, professional events, or social interactions.",Text [1],"Official app websites, Platform official descriptions, user reviews, user-generated content analysis, user-generated content trends"
Content Library,The size and diversity of the podcast library available through the app.,Text [1],"App Descriptions, App Store listings, Official app websites, User Feedback, User reviews"
Content Library Size,The total number of movies and TV shows available on the platform.,Integer [1],"App Store, Google Play Store, Official App Websites, Official app websites, Official platform websites, Press Releases, industry reports"
Content Variety,"The range and diversity of live streaming content available on the platform, including genres like sports, gaming, entertainment, and news.",Text [*],"([time.com](https://time.com/7004929/best-streaming-service-for-movies-tv-sports/?utm_source=openai)), Platform content guidelines, Platform official websites, turn0news13, turn0news14, turn0news15, turn0news16, turn0news17, turn0search0, turn0search1, turn0search2, user reviews, user-generated content analysis"
Controller Support,"Compatibility with various gaming controllers, enhancing gameplay options.",Text [*],"Official app websites, technical reviews, turn0search1, turn0search2, user manuals, user reviews"
Cost,"The pricing structure of the app, including free tiers and subscription options.",Text [1],"([tomsguide.com](https://www.tomsguide.com/us/youtube-tv-faq%2Creview-5059.html?utm_source=openai)), App Documentation, App Store, App Store Listings, Company Pricing Pages, Company Website, Google Play Store, Official App Documentation, Official Pricing Page, Official Pricing Pages, Official app websites, Official pricing pages, Platform official websites, app store listings, turn0news13, turn0news14, turn0news16, turn0search0, turn0search1, turn0search2, turn0search3, turn0search4, turn0search5, user reviews"
Cost and Subscription Options,"Information on whether the app is free, offers in-app purchases, or requires a subscription.",Text [1],"App Descriptions, App store listings, App websites, Official Pricing Pages, Official app websites, pricing pages, turn0news13, turn0news15"
Cost and Subscription Plans,"The pricing structure of the app, including free tiers, subscription plans, and any associated costs.",Text [1],"Official app documentation, Official app websites, Official pricing pages, app store listings, pricing pages, third-party reviews"
Coupon Availability,Number and variety of coupons available through the app.,Integer [1],"Official app websites, User reviews, turn0search3, turn0search4, turn0search8"
Coupon Integration,Availability of coupons and promo codes to apply additional discounts.,Boolean [1],"turn0search1, turn0search2, turn0search3, turn0search4, turn0search5, turn0search6, turn0search7, turn0search8"
Cross-Platform Synchronization,The ability to sync listening progress and subscriptions across multiple devices.,Boolean [1],"App Store listings, Official app websites, user reviews"
Customer Support,The availability and quality of customer support services.,Text [1],"Company Website, Official App Documentation, Official App Website, Official app websites, Support Pages, User Reviews, User Testimonials, User reviews, official app websites, official support channels, user reviews"
Customization and Extensibility,The extent to which the app allows customization and supports plugins or extensions.,Text [*],"Official app websites, developer documentation, user manuals, user reviews"
Customization Options,The extent to which users can customize the app's appearance and functionality.,Text [1],"App documentation, Official app websites, turn0search1, turn0search11, turn0search2, turn0search4, user reviews"
Data Accuracy,Reliability and accuracy of movie data and recommendations.,Text [1],"Official App Descriptions, User Reviews, User reviews, expert reviews"
Data Accuracy and Completeness,The comprehensiveness and accuracy of the movie database used by the app.,Boolean [1],"App data sources, App feature descriptions"
Device Compatibility,"The range of devices (e.g., smartphones, smart TVs, streaming devices) that support the platform's app.",Text [*],"([tomsguide.com](https://www.tomsguide.com/us/youtube-tv-faq%2Creview-5059.html?utm_source=openai)), Official app websites, Official platform support pages, Platform official documentation, Platform official websites, Platform technical specifications, app store listings, industry reports, support pages, tech blogs, turn0news13, turn0news14, turn0news15, turn0news16, turn0search0, turn0search1, turn0search2, user guides, user manuals, user reviews"
Ease of Use,User-friendliness and intuitiveness of the app interface.,Text [1],"App Store, App Store Ratings, App Store descriptions, Expert Reviews, Google Play Store, User Reviews, User experience reviews, User reviews, app descriptions, app tutorials, expert analyses, expert reviews, independent app evaluations, platform tutorials, tech blogs, usability studies"
Exclusive Titles,"Availability of games that are exclusive to the platform, offering unique gaming experiences.",Integer [1],"Official app websites, gaming news outlets"
Feature Set,Range and quality of photo effects and editing tools offered by the app.,Text [1],"App Descriptions, App Store, App Store descriptions, App descriptions, Google Play Store, Official App Descriptions, Official App Website, Official App Websites, Official app descriptions, Official app websites, Platform feature documentation, Platform feature lists, Product descriptions, Tech reviews, User Manuals, User Reviews, comparative analyses, expert reviews, feature comparison articles, official websites, tech articles, tech blogs, turn0news16, turn0news20, user manuals, user reviews"
Features,"The range of functionalities offered by the app, such as messaging, video calls, group chats, and unique features.",Text [*],"App Descriptions, App Store, Company Websites, Google Play Store, Official App Websites, User Reviews"
File Size Limit,The maximum allowable size for a single file transfer.,Integer (MB/GB) [1],"Official app documentation, Official app websites, turn0search0, turn0search1, turn0search2, user manuals, user reviews"
File Size Limitations,"The maximum file size the app allows for transfer, indicating suitability for large files.",Integer [1],"Official app documentation, Official app specifications, turn0news12, turn0news13, turn0news14, turn0news21, turn0news22, turn0news23, turn0search0, turn0search1, turn0search15, turn0search16, turn0search17, turn0search18, turn0search19, turn0search20, user reviews"
File Transfer Speed,The rate at which files can be transferred between devices or over the internet.,Float (MB/s) [1],"turn0news12, turn0news13, turn0news14, turn0news21, turn0news22, turn0news23, turn0search0, turn0search1, turn0search15, turn0search16, turn0search17, turn0search18, turn0search19, turn0search20"
File Type Support,"The variety of file types and formats that can be transferred using the app, including documents, images, videos, and executables.",Text [*],"Official app documentation, Official app websites, user manuals, user reviews"
Free Trial Availability,"Whether the service offers a trial period at no cost, allowing users to evaluate before subscribing.",Boolean [1],"Official app websites, promotional materials"
Game Library Size,The number of games available through the app.,Integer [1],"App Descriptions, Official Websites, Official app websites, app store listings, gaming news outlets, press releases"
Geographic Availability,The countries or regions where the platform is accessible.,Text [*],"Official app websites, industry reports, service descriptions"
Geographical Availability,The countries or regions where the platform is accessible.,Text [*],"Official app websites, industry reports, press releases, service announcements"
Geographical Reach,The regions or countries where the platform operates and has a significant user base.,Text [1],"Platform official information, Platform official websites, Platform's about page, industry analyses, industry reports"
Group Size Limit,The maximum number of contacts to whom a message can be broadcast simultaneously.,Integer [1],"App Documentation, Company Support Pages, Official App Documentation, Official app documentation, Support Pages, User Reviews, app store listings, user guides"
Integration Capabilities,"The ability to integrate with other tools and platforms, such as CRM systems or email services.",Text [*],"API Documentation, App Documentation, App documentation, App feature lists, AppyPie, Company Support Pages, Company Website, Integration Guides, Official App Documentation, Official app documentation, Official app websites, PCMag, TechRadar, Third-Party Reviews, integration documentation, integration guides, tech reviews, third-party reviews, turn0news12, turn0news14, turn0news16, turn0news17, user manuals, user reviews"
Integration with Other Services,"The app's compatibility and integration with other platforms and services, such as smart speakers or social media.",Text [1],"App Descriptions, App Store listings, App features, Official app documentation, Official app websites, Official integration documentation, User Manuals, technical specifications, user forums, user manuals, user reviews"
Integration with Streaming Services,Ability to integrate with various streaming platforms for seamless viewing.,Text [1],"App descriptions, Official App Descriptions, User Reviews, user reviews"
Integrations,The ability to connect with other apps and services to enhance functionality.,Text [1],"App official websites, TechRadar, Wikipedia, user reviews"
Interactive Features,"Tools available for audience engagement, like live chat, polls, or Q&A sessions.",Boolean [1],"([blog.bigo.tv](https://blog.bigo.tv/en/best-apps/best-live-video-apps/?utm_source=openai)), Platform feature documentation, Platform feature lists, turn0search1, turn0search2, user reviews"
Interactivity Features,"Tools available for audience engagement, such as live chat, polls, or Q&A sessions.",Boolean [1],"Platform feature documentation, Platform official documentation, user guides, user reviews"
Item Categories,The types of items that can be listed and sold on the platform.,Text [*],"Platform category listings, Platform guidelines, Platform official information, Platform official websites, user guides, user reviews"
Item Categories Supported,The range of product categories that can be listed for sale.,Text [*],"Platform guidelines, Platform's category listings, user guides, user interfaces"
Key Features,"Notable functionalities offered by the app, such as offline listening, personalized recommendations, or exclusive content.",Text [*],"App Store, App Store listings, Google Play Store, Official App Websites, Official app websites, user reviews"
Latency,"The delay between user input and on-screen response, influencing gameplay responsiveness.",Float [1],"Technical reviews, User reviews, technical analyses, user feedback"
Listing Fees,The cost associated with listing an item for sale on the platform.,Float [1],"Platform pricing pages, Platform's pricing page, user agreements, user guides, user testimonials"
Live TV Availability,Access to live television channels or events through the platform.,Boolean [1],"Official app websites, industry reports, service descriptions"
Message Personalization,The ability to customize messages with placeholders for recipient-specific information.,Boolean [1],"App Documentation, App Features, App Features List, App feature lists, Official app features list, User Guides, User Reviews, user guides, user manuals"
Message Scheduling,The ability to schedule messages to be sent at a later time or date.,Boolean [1],"App Documentation, App Features, User Guides, User Reviews"
Mobile App Availability,Availability and functionality of mobile applications for listing and managing sales.,Boolean [1],"App stores, Platform official app stores, Platform's official app store listings, platform official websites, user reviews"
Monetization Options,"Availability of features that allow content creators to earn revenue, such as ads, subscriptions, or virtual gifts.",Boolean [1],"Official app websites, Platform feature documentation, Platform official documentation, turn0search1, turn0search2, user guides, user reviews, user testimonials"
Multimedia Support,"The ability to send images, videos, and other media types.",Boolean [1],"App Documentation, App Features, App feature lists, Official app websites, User Guides, User Reviews, user manuals, user reviews"
Music Library Size,Number of songs available in the app's catalog.,Integer [1],"Amazon Music, Anghami, App official documentation, App official statistics, Apple Music, Audiomack, Boomplay, Deezer, Gaana, Hungama Music, JioSaavn, Napster, Official app documentation, Official app websites, Pandora, Qobuz, Smart Shuffle, SoundCloud, Spotify, Tidal, Trebel, Wynk Music, YouTube Music, iHeartRadio, industry reports, press releases, turn0search17, turn0search19, turn0search20"
Number of Downloads,Total number of times the app has been downloaded,Integer [1],"App Store, Apple App Store, Google Play Store"
Number of Reviews,Total number of user reviews for the app.,Integer [1],"App Store, Google Play Store"
Offline Access,The app's capability to function without an internet connection.,Boolean,"Official app websites, user manuals, user reviews"
Offline Functionality,Capability to transfer files without an internet connection.,Boolean [1],"Official app documentation, Official app features list, Official app websites, user guides, user manuals, user reviews"
Offline Listening Capability,The ability to download episodes for offline playback.,Boolean [1],"App Descriptions, App Store listings, Official app websites, User Manuals, user reviews"
Offline Play,"The ability to download and play games without an internet connection, providing flexibility.",Boolean [1],"Official app websites, user manuals"
Offline Playback,Ability to download songs for offline listening.,Boolean [1],"Amazon Music, Anghami, App official documentation, Apple Music, Audiomack, Boomplay, Deezer, Gaana, Hungama Music, JioSaavn, Napster, Official app documentation, Official app websites, Pandora, Qobuz, Smart Shuffle, SoundCloud, Spotify, Tidal, Trebel, Wynk Music, YouTube Music, iHeartRadio, turn0search17, turn0search18, turn0search20, user manuals, user reviews"
Offline Transfer Capability,"The ability to transfer files without an active internet connection, useful in areas with limited connectivity.",Boolean [1],"Official app documentation, Official app websites, user manuals, user reviews"
Offline Viewing,Availability of downloading content for offline viewing.,Boolean [1],"Official app websites, feature lists, industry reports, user guides"
Original Content,The number of exclusive movies and TV series produced by the platform.,Integer [1],"Official app websites, Official platform announcements, industry news outlets, industry reports, industry reviews, press releases"
Payment Options,The methods available for buyers to pay and sellers to receive funds.,Text [1],"Platform official information, Platform payment information, Platform's payment information page, user feedback, user guides"
Payment Processing,The methods available for processing payments from buyers to sellers.,Text [*],"Platform payment policies, user agreements, user guides"
Performance and Reliability,"The app's speed, responsiveness, and stability during use.",Text [*],"User reviews, expert evaluations, performance benchmarks, professional app reviews, tech articles"
Performance Optimization,Effectiveness of the app in enhancing gaming performance.,Text [1],"App Store, Google Play Store, Official App Websites, turn0search0, turn0search3, turn0search4"
Performance Optimization Features,Tools and settings available to enhance gaming performance.,Boolean [1],"App Descriptions, Official app websites, User Reviews, app store listings"
Personalization,Ability to provide personalized recommendations based on user preferences.,Text [1],"Official App Descriptions, User Reviews, User reviews, app descriptions"
Personalized Recommendations,The app's capability to suggest movies based on user preferences and viewing history.,Boolean [1],"App Store, App Store listings, App algorithms, App feature descriptions, App feature documentation, Google Play Store, Official app websites, User data, User reviews, User testimonials, app store descriptions"
Platform Availability,"The range of operating systems and devices on which the app is available (e.g., iOS, Android, Web).",Text [1],"Amazon Music, Anghami, App Documentation, App Store, App Store Listings, App Store descriptions, App Store listings, App documentation, App official website, App store listings, Apple Music, Audiomack, Boomplay, Company Website, Company Websites, Deezer, Gaana, Google Play Store, Hungama Music, JioSaavn, Napster, Official App Descriptions, Official App Documentation, Official App Website, Official App Websites, Official Website, Official Websites, Official app websites, Pandora, Qobuz, Smart Shuffle, SoundCloud, Spotify, TechRadar, Tidal, Trebel, Wikipedia, Wynk Music, YouTube Music, app store listings, app stores, iHeartRadio, official websites, turn0news13, turn0news14, turn0news17, turn0news23, turn0search0, turn0search1, turn0search15, turn0search16, turn0search17, turn0search19, turn0search2, turn0search20, turn0search3, turn0search4, turn0search5, turn0search7"
Platform Compatibility,The range of devices and operating systems the app supports.,Text [*],"App Descriptions, Official Websites, Official app documentation, Official app websites, Platform official documentation, Platform official website, app store listings, tech reviews, turn0news12, turn0news13, turn0news14, turn0news21, turn0news22, turn0news23, turn0search0, turn0search1, turn0search15, turn0search16, turn0search17, turn0search18, turn0search19, turn0search2, turn0search20, user manuals, user reviews"
Platform Popularity,The number of active users and overall reach of the platform.,Integer [1],"Platform official statistics, industry reports"
Price,"Cost of the app, including any in-app purchases or subscription fees.",Text [1],"App Store, Google Play Store, Official App Websites, official app websites"
Price Comparison,Ability to compare prices across multiple retailers to find the best deal.,Boolean [1],"turn0search0, turn0search1, turn0search2, turn0search3, turn0search4, turn0search6, turn0search9"
Price Tracking,Feature to track price changes over time and alert users to price drops.,Boolean [1],"turn0search0, turn0search1, turn0search4, turn0search5, turn0search6, turn0search7, turn0search8"
Pricing,"Cost of the app, including free tiers and premium plans.",Text [1],"App official websites, AppyPie, Official pricing pages, PCMag, TechRadar, Wikipedia, comparison articles, turn0news13, turn0news23, user reviews"
Pricing Model,"The cost structure of the app, including free tiers, subscription plans, and one-time purchases.",Text [1],"App Store, App Store Listings, App Store listings, Google Play Store, Official App Websites, Official app websites, app store listings, pricing pages, turn0news12, turn0news13, turn0news23, user reviews"
Privacy and Security,"The measures implemented to protect user data and communications, including end-to-end encryption and data policies.",Text [1],"App Store, Company Websites, Google Play Store, Official App Websites, Privacy Policies, Security Audits"
Scalability,The app's ability to accommodate growing teams and increasing workloads.,Text [1],"Product specifications, User reviews, case studies"
Security and Privacy,"The measures taken by the app to protect user data, including encryption and privacy policies.",Text [1],"App Documentation, Official app websites, Security Audits, privacy policies, security audits, security whitepapers, tech articles, turn0news12, turn0news20, turn0search15, turn0search17"
Security Features,"The security measures implemented by the app, such as end-to-end encryption, password protection, and compliance with standards like GDPR.",Text [1],"App Documentation, Official App Documentation, Official app documentation, Official app websites, Official security documentation, Security Audits, Security Whitepapers, independent security audits, privacy policies, security audits, security whitepapers, turn0news12, turn0news13, turn0news14, turn0news21, turn0news22, turn0news23, turn0search0, turn0search1, turn0search15, turn0search16, turn0search17, turn0search18, turn0search19, turn0search20, user reviews"
Security Measures,The robustness of the app's security features to protect user data and privacy.,Text [1],"App documentation, AppyPie, PCMag, Security whitepapers, TechRadar, compliance certifications, security audits, turn0news13, turn0news14, turn0news17, turn0search20"
Seller Protection Policies,The measures in place to protect sellers from fraud and disputes.,Text [*],"Platform official websites, Platform terms of service, Platform's seller protection page, help centers, user experiences, user guides, user testimonials"
Shipping Options,The shipping services integrated with the platform and any associated costs.,Text [*],"Platform shipping policies, user guides, user reviews"
Shipping Support,The assistance or services provided by the platform for shipping items to buyers.,Text [1],"Platform features pages, Platform official information, Platform official websites, Platform shipping policies, Platform's shipping policies, user experiences, user guides"
Shuffle Play Feature,Availability of a shuffle play mode that allows users to play playlists in a randomized order.,Boolean [1],"Amazon Music, Anghami, App feature documentation, App official documentation, Apple Music, Audiomack, Boomplay, Deezer, Gaana, Hungama Music, JioSaavn, Napster, Official app documentation, Official app websites, Pandora, Qobuz, Smart Shuffle, SoundCloud, Spotify, Tidal, Trebel, Wynk Music, YouTube Music, iHeartRadio, turn0search0, turn0search1, turn0search17, turn0search18, turn0search2, turn0search20, turn0search3, turn0search4, user manuals, user reviews"
Social Features,"Features that allow users to connect, share, and discuss movies with friends or a community.",Boolean [1],"App Store, App features, Google Play Store, Official App Websites"
Social Networking Features,"Features that allow users to connect with friends, share recommendations, and see friends' ratings.",Boolean [1],"App feature descriptions, App feature set, User testimonials"
Streaming Availability Information,Information on where movies are available for streaming.,Boolean [1],"App Store, Google Play Store, Official App Websites"
Streaming Quality,The maximum video resolution and audio quality offered by the platform.,Text [1],"Official app specifications, Official app websites, Platform official documentation, Platform technical specifications, industry reports, tech blogs, tech reviews, tech specifications, technical documentation, technical reviews, technical specifications, user reviews"
Subscription Cost,The monthly fee required to access the platform's content.,Float [1],"Amazon Music, Anghami, App Descriptions, App pricing information, Apple Music, Audiomack, Boomplay, Deezer, Gaana, Hungama Music, JioSaavn, Napster, Official Websites, Official app documentation, Official app websites, Official platform pricing pages, Pandora, Qobuz, Smart Shuffle, SoundCloud, Spotify, Tidal, Trebel, Wynk Music, YouTube Music, app store listings, iHeartRadio, industry reports, pricing pages, turn0news12, turn0news13, turn0news15, turn0news16, turn0search0, turn0search1, turn0search2"
Synchronization and Backup,The app's ability to sync notes across devices and provide backup options.,Text [*],"Official app websites, user reviews"
Target Audience,The primary demographic or market segment the platform caters to.,Text [1],"Platform marketing materials, user demographics studies"
Task Management,"Capabilities for creating, assigning, and tracking tasks and projects.",Text [1],"App official websites, TechRadar, Wikipedia, turn0news12, turn0news17, turn0news23, turn0search15, turn0search17, user reviews"
Transaction Fees,The percentage or fixed fee deducted from the sale price upon a successful transaction.,Float [1],"Platform pricing pages, Platform's terms of service, user agreements, user guides, user reviews"
Transfer Speed,The average speed at which files are transferred between devices using the app.,Float (MB/s) [1],"Independent performance tests, Independent speed tests, Official app documentation, Official app websites, Performance benchmarks, turn0search0, turn0search1, turn0search2, user reviews, user testimonials"
Unique Features,"Distinctive functionalities that set the app apart, such as personalized recommendations, offline listening, or exclusive content.",Text [*],"App Descriptions, App Store listings, Official app websites, Tech Reviews, Tech blogs, user reviews"
Update Frequency,How often the app is updated to fix bugs or add new features,Integer [1],"App Store, Google Play Store, Official App Websites"
User Base,"The number of active users on the platform, indicating its popularity and reach.",Integer [1],"App Store, Company Reports, Company reports, Google Play Store, Platform official reports, Platform official statistics, industry analyses, industry reports, turn0search19, turn0search21, turn0search24"
User Base Size,"The number of active users on the platform, indicating potential reach for sellers.",Integer,"Official app websites, Platform official statistics, Platform's official statistics, industry reports, turn0news13, turn0news14, turn0search0, turn0search1, turn0search15, turn0search16, turn0search17, turn0search2, turn0search3, turn0search4, turn0search5"
User Engagement Features,"Interactive tools such as live chat, polls, and Q&A that enhance audience participation.",Text [*],"Official app websites, Platform official websites, user reviews"
User Experience,"Overall ease of use, interface design, and user satisfaction.",Text [1],"App Store Ratings, User Reviews"
User Interface,"The design and usability of the app's interface, affecting ease of use and user experience.",Text [1],"([tomsguide.com](https://www.tomsguide.com/us/youtube-tv-faq%2Creview-5059.html?utm_source=openai)), App Store, App Store Screenshots, App Store listings, App official websites, AppyPie, Google Play Store, Official App Websites, PCMag, Platform official websites, TechRadar, User Reviews, User reviews, Wikipedia, app demonstrations, app documentation, app official documentation, app screenshots, app store descriptions, app store ratings, expert reviews, turn0news12, turn0news17, turn0news21, turn0news23, turn0search0, turn0search1, turn0search4, turn0search5, usability studies, user reviews"
User Interface and Ease of Use,The intuitiveness and user-friendliness of the app's interface.,Text [1],"User reviews, app demonstrations, app ratings, app store ratings, app walkthroughs, turn0news12, turn0news13, turn0news14, turn0news16, turn0news20, turn0news21, turn0news22, turn0news23, turn0search0, turn0search1, turn0search15, turn0search16, turn0search17, turn0search18, turn0search19, turn0search20"
User Interface and Experience,"The design, ease of navigation, and overall user experience of the app.",Text [1],"([tomsguide.com](https://www.tomsguide.com/us/youtube-tv-faq%2Creview-5059.html?utm_source=openai)), App Reviews, App Store, App Store listings, App Store reviews, App reviews, Google Play Store, Official App Websites, Tech Blogs, Tech blogs, User Feedback, User feedback, User reviews, User reviews and app descriptions, app critiques, app design analysis, app store listings, app store ratings, expert evaluations, industry analyses, industry evaluations, professional app reviews, tech articles, tech blogs, turn0news12, turn0news14, turn0news15, turn0news16, turn0search0, turn0search1, turn0search2, turn0search4, turn0search9, usability studies"
User Interface Quality,The ease of navigation and overall user experience of the app.,Text [1],"App Descriptions, User Reviews, User reviews, app design analysis, industry analyses, tech blogs"
User Ratings,"Average user rating on app stores, indicating overall user satisfaction.",Float [1],"App Store, App store listings, Apple App Store, Google Play Store, Trustpilot, review platforms"
User Ratings and Reviews,"The ability for users to rate and review movies, providing personal insights and opinions.","Text, Integer [1]","App Store, App Store reviews, App stores, Google Play Store, Official App Websites, User-generated content, independent review sites"
User Reviews,Qualitative feedback from users about the app's performance and usability.,Text [*],"App Store, App Store Reviews, App store reviews, App stores, Google Play Reviews, Google Play Store, TechRadar, Third-Party Review Sites, User Review Aggregators, Wikipedia, independent review sites, review websites, turn0search0, turn0search4, turn0search9, user review platforms"
User Reviews and Ratings,"Feedback from users regarding their experiences with the app, reflecting satisfaction and reliability.",Float [1],"App Store, Google Play Store, Independent Review Sites, Review Aggregator Sites, Review Aggregators, User Review Platforms"
Watchlist Management,Tools for users to create and manage lists of movies they want to watch.,Boolean [1],"App Store, App feature descriptions, App feature set, Google Play Store, Official App Websites, User input"
