name;description
User Interface;The ease of navigation and overall user experience within the app.
Real-time Collaboration;Allows multiple users to work together in real-time.
User Ratings;Average rating from app store reviews, reflecting user satisfaction.
Popularity;Based on app store ratings, download numbers, and user base size.
Security;Considers data encryption, access controls, and privacy features
Feature Set;Presence of advanced features like real-time chat, reactions, streaming to multiple platforms, or interactive elements.
Feature Relevance;How well the app allows users to search for offers on specific items, such as discounts or deals.
Social Features & Community;The presence of social features like sharing, commenting, and community forums can foster engagement.
Ease of Use;The user-friendly interface and intuitive design make it easier for users to create collages
Integration with Other Services;Compatibility and seamless integration with other popular apps and platforms, such as email, messaging, and cloud storage.
User Base Size;Number of active users, indicating the app's reach and potential for collaboration
Content Variety;Provides a diverse selection of live streams across various categories like gaming, sports, entertainment, and music.
Cost;The pricing structure of the app, considering free tiers, subscription options, and potential costs for additional features or users.
Monetization Model;Apps with ad-free or premium subscription options for better user experience
Mobile App Performance;The app's speed, stability, and responsiveness.
Customer Support;The responsiveness and quality of customer support available to users.
Ease of Use;How intuitive and straightforward the app is for starting and managing a live stream.
Streaming Quality;Highest resolution and bitrate supported, as well as adaptive streaming performance.
User Engagement;Evaluates the app based on metrics such as daily active users and interaction rates, reflecting how actively users engage with friends through the platform.
Offline Playback Availability;Ability to download movies for offline viewing and related features.
Cross-Platform Synchronization;The ability to sync ratings across devices and platforms, ensuring a seamless experience for users.
Integration with Social Media;Built-in sharing features for platforms like Instagram, Facebook, etc.
Regular Updates & Maintenance;Frequency of app updates to address bugs, improve performance, and add new features.
Personalization & Recommendations;The effectiveness of the app's recommendation engine in suggesting movies based on viewing history and preferences.
Customization Options;The extent to which users can personalize the app's appearance, themes, and behavior to suit their preferences.
Downloads;The number of downloads of the app.
User Reviews;The average rating and number of reviews from other users.
Content Library Size;The breadth and depth of movies available, measured by the number of titles and genres offered.
Platform Availability;Cross-platform support for iOS and Android.
Regional Availability;The extent to which the app offers content in multiple countries and languages.
Notification System;Effective notifications for new releases, friend activity, and updates are beneficial.
Content Variety;Number of unique podcasts available in the app, showing diversity in content offerings for users.
Device Compatibility;The range of devices supported by the app, including iOS, Android, smart TVs, and web browsers.
User Interface Simplicity;Ease of use and intuitiveness of the app’s playlist shuffle functionality. Prioritizes apps with straightforward controls and a clear shuffle option.
Accessibility Features;Incorporation of accessibility features for users with disabilities (e.g., captions, screen reader support).
Editing Tools;The availability of supplementary tools like brightness, contrast, saturation, and cropping, alongside the effects.
Ease of Use;Evaluates the simplicity and intuitiveness of the app's interface for initiating and completing file transfers.
Offline Access;The ability to access and edit notes without an active internet connection is highly valued, especially for users in areas with limited connectivity.
Collaboration Features;Evaluates the ease and effectiveness of collaborating with others on notes, including real-time editing and shared notebooks.
Reliability & Uptime;Consistent streaming performance and minimal interruptions.
