App,Run_1,Run_2,Run_3,Run_4,Run_5,Run_6
WhatsApp Business,1,0,0,0,0,1
SimpleTexting,3,1,6,2,1,7
TXTImpact,0,2,0,0,0,0
"WhatsApp Business API (via providers like Route Mobile, AiSensy, SendPulse)",0,0,0,0,0,2
WhatsApp,0,16,1,0,13,0
Telegram,2,17,2,0,0,0
Signal,0,0,3,0,0,0
MessageDesk,0,0,0,0,0,3
Hit Em Up,0,15,5,1,20,0
EZ Texting,7,3,7,3,5,4
TextMagic,4,9,8,4,2,8
Text-Em-All,0,0,0,0,0,5
SlickText,6,4,10,5,4,10
Textedly,5,5,9,19,3,9
GroupMe,0,18,4,0,0,0
Podium,8,7,17,9,6,11
Attentive,9,8,18,10,7,12
Twilio,0,6,11,11,16,0
SleekFlow,19,0,0,0,12,6
Klaviyo SMS,0,10,0,0,0,0
Mailchimp,10,0,19,7,8,13
DialMyCalls,12,14,15,6,10,0
MessageMedia,11,0,16,8,9,14
EngageLab,0,11,0,0,0,0
Salesmsg,0,0,0,12,0,0
Mobile Text Alerts,0,12,13,0,0,0
ClickSend,0,13,12,0,0,0
Multi SMS & Group SMS,0,0,14,0,0,0
SMSBump,13,0,0,0,0,16
CallHub,0,0,0,15,0,0
Skype,0,0,0,0,15,0
CallFire,0,0,0,0,0,15
Klaviyo,14,0,0,0,0,17
Sakari,17,0,20,14,11,19
Textla,0,0,0,13,0,20
Postscript,16,0,0,0,0,0
Hustle,0,0,0,16,0,0
Omnisend,15,0,0,0,0,18
Phone2Action,0,0,0,17,0,0
WATI,0,0,0,0,17,0
Viber,20,19,0,0,14,0
Bulk Sender for Marketing,18,0,0,0,0,0
Quick Send: Mass Text Message,0,0,0,18,0,0
NovoChat,0,0,0,0,18,0
Project Broadcast,0,0,0,0,19,0
iMessage,0,20,0,0,0,0
Emitrr,0,0,0,20,0,0
